,session_no,src,src_city,src_region,src_country,dest,Hop_No,avg_rtt,IP_Address,City,Region_Name,Country
0,0,10.0.16.155,Nandigāma,Andhra Pradesh,IN,google,1,4,203.129.246.53,Nandigāma,Andhra Pradesh,IN
1,0,10.0.16.155,Nandigāma,Andhra Pradesh,IN,google,2,4,203.129.218.109,Hubli,Karnataka,IN
2,0,10.0.16.155,Nandigāma,Andhra Pradesh,IN,google,3,6,61.1.117.54,Bengaluru,Karnataka,IN
3,0,10.0.16.155,Nandigāma,Andhra Pradesh,IN,google,4,24,117.216.207.115,Tanjore,Tamil Nadu,IN
4,0,10.0.16.155,Nandigāma,Andhra Pradesh,IN,google,5,26,142.250.160.26,Chennai,Tamil Nadu,IN
5,0,10.0.16.155,Nandigāma,Andhra Pradesh,IN,google,6,26,216.239.43.135,Chennai,Tamil Nadu,IN
6,0,10.0.16.155,Nandigāma,Andhra Pradesh,IN,google,7,27,142.250.233.143,Mountain View,California,US
7,0,10.0.16.155,Nandigāma,Andhra Pradesh,IN,google,8,27,142.250.71.36,Chennai,Tamil Nadu,IN
0,1,10.0.16.155,Nandigāma,Andhra Pradesh,IN,google,1,2,203.129.246.53,Nandigāma,Andhra Pradesh,IN
1,1,10.0.16.155,Nandigāma,Andhra Pradesh,IN,google,2,7,203.129.218.109,Hubli,Karnataka,IN
2,1,10.0.16.155,Nandigāma,Andhra Pradesh,IN,google,3,4,61.1.117.54,Bengaluru,Karnataka,IN
3,1,10.0.16.155,Nandigāma,Andhra Pradesh,IN,google,4,24,117.216.207.115,Tanjore,Tamil Nadu,IN
4,1,10.0.16.155,Nandigāma,Andhra Pradesh,IN,google,5,23,142.250.160.26,Chennai,Tamil Nadu,IN
5,1,10.0.16.155,Nandigāma,Andhra Pradesh,IN,google,6,24,216.239.43.135,Chennai,Tamil Nadu,IN
6,1,10.0.16.155,Nandigāma,Andhra Pradesh,IN,google,7,25,142.250.233.143,Mountain View,California,US
7,1,10.0.16.155,Nandigāma,Andhra Pradesh,IN,google,8,32,142.250.71.36,Chennai,Tamil Nadu,IN
0,2,10.0.16.155,Nandigāma,Andhra Pradesh,IN,google,1,4,203.129.246.53,Nandigāma,Andhra Pradesh,IN
1,2,10.0.16.155,Nandigāma,Andhra Pradesh,IN,google,2,8,203.129.218.109,Hubli,Karnataka,IN
2,2,10.0.16.155,Nandigāma,Andhra Pradesh,IN,google,3,5,61.1.117.54,Bengaluru,Karnataka,IN
3,2,10.0.16.155,Nandigāma,Andhra Pradesh,IN,google,4,26,117.216.207.115,Tanjore,Tamil Nadu,IN
4,2,10.0.16.155,Nandigāma,Andhra Pradesh,IN,google,5,23,142.250.160.26,Chennai,Tamil Nadu,IN
5,2,10.0.16.155,Nandigāma,Andhra Pradesh,IN,google,6,24,216.239.43.135,Chennai,Tamil Nadu,IN
6,2,10.0.16.155,Nandigāma,Andhra Pradesh,IN,google,7,26,142.250.233.143,Mountain View,California,US
7,2,10.0.16.155,Nandigāma,Andhra Pradesh,IN,google,8,23,142.250.71.36,Chennai,Tamil Nadu,IN
0,3,10.0.16.155,Nandigāma,Andhra Pradesh,IN,google,1,5,203.129.246.53,Nandigāma,Andhra Pradesh,IN
1,3,10.0.16.155,Nandigāma,Andhra Pradesh,IN,google,2,15,203.129.218.109,Hubli,Karnataka,IN
2,3,10.0.16.155,Nandigāma,Andhra Pradesh,IN,google,3,6,61.1.117.54,Bengaluru,Karnataka,IN
3,3,10.0.16.155,Nandigāma,Andhra Pradesh,IN,google,4,24,117.216.207.115,Tanjore,Tamil Nadu,IN
4,3,10.0.16.155,Nandigāma,Andhra Pradesh,IN,google,5,35,142.250.160.26,Chennai,Tamil Nadu,IN
5,3,10.0.16.155,Nandigāma,Andhra Pradesh,IN,google,6,23,216.239.43.135,Chennai,Tamil Nadu,IN
6,3,10.0.16.155,Nandigāma,Andhra Pradesh,IN,google,7,743,142.250.233.143,Mountain View,California,US
7,3,10.0.16.155,Nandigāma,Andhra Pradesh,IN,google,8,175,142.250.71.36,Chennai,Tamil Nadu,IN
0,4,10.0.16.155,Nandigāma,Andhra Pradesh,IN,google,1,6,203.129.246.53,Nandigāma,Andhra Pradesh,IN
1,4,10.0.16.155,Nandigāma,Andhra Pradesh,IN,google,2,6,203.129.218.109,Hubli,Karnataka,IN
2,4,10.0.16.155,Nandigāma,Andhra Pradesh,IN,google,3,3,61.1.117.54,Bengaluru,Karnataka,IN
3,4,10.0.16.155,Nandigāma,Andhra Pradesh,IN,google,4,26,117.216.207.115,Tanjore,Tamil Nadu,IN
4,4,10.0.16.155,Nandigāma,Andhra Pradesh,IN,google,5,24,142.250.160.26,Chennai,Tamil Nadu,IN
5,4,10.0.16.155,Nandigāma,Andhra Pradesh,IN,google,6,21,216.239.43.135,Chennai,Tamil Nadu,IN
6,4,10.0.16.155,Nandigāma,Andhra Pradesh,IN,google,7,24,142.250.233.143,Mountain View,California,US
7,4,10.0.16.155,Nandigāma,Andhra Pradesh,IN,google,8,23,142.250.71.36,Chennai,Tamil Nadu,IN
0,5,10.0.16.155,Nandigāma,Andhra Pradesh,IN,google,1,4,203.129.246.53,Nandigāma,Andhra Pradesh,IN
1,5,10.0.16.155,Nandigāma,Andhra Pradesh,IN,google,2,6,203.129.218.109,Hubli,Karnataka,IN
2,5,10.0.16.155,Nandigāma,Andhra Pradesh,IN,google,3,5,61.1.117.54,Bengaluru,Karnataka,IN
3,5,10.0.16.155,Nandigāma,Andhra Pradesh,IN,google,4,25,117.216.207.115,Tanjore,Tamil Nadu,IN
4,5,10.0.16.155,Nandigāma,Andhra Pradesh,IN,google,5,23,142.250.160.26,Chennai,Tamil Nadu,IN
5,5,10.0.16.155,Nandigāma,Andhra Pradesh,IN,google,6,20,216.239.43.135,Chennai,Tamil Nadu,IN
6,5,10.0.16.155,Nandigāma,Andhra Pradesh,IN,google,7,25,142.250.233.143,Mountain View,California,US
7,5,10.0.16.155,Nandigāma,Andhra Pradesh,IN,google,8,24,142.250.71.36,Chennai,Tamil Nadu,IN
0,6,10.0.16.155,Nandigāma,Andhra Pradesh,IN,google,1,2,203.129.246.53,Nandigāma,Andhra Pradesh,IN
1,6,10.0.16.155,Nandigāma,Andhra Pradesh,IN,google,2,6,203.129.218.109,Hubli,Karnataka,IN
2,6,10.0.16.155,Nandigāma,Andhra Pradesh,IN,google,3,5,61.1.117.54,Bengaluru,Karnataka,IN
3,6,10.0.16.155,Nandigāma,Andhra Pradesh,IN,google,4,26,117.216.207.115,Tanjore,Tamil Nadu,IN
4,6,10.0.16.155,Nandigāma,Andhra Pradesh,IN,google,5,24,142.250.160.26,Chennai,Tamil Nadu,IN
5,6,10.0.16.155,Nandigāma,Andhra Pradesh,IN,google,6,22,216.239.43.135,Chennai,Tamil Nadu,IN
6,6,10.0.16.155,Nandigāma,Andhra Pradesh,IN,google,7,23,142.250.233.143,Mountain View,California,US
7,6,10.0.16.155,Nandigāma,Andhra Pradesh,IN,google,8,19,142.250.233.145,New York City,New York,US
8,6,10.0.16.155,Nandigāma,Andhra Pradesh,IN,google,9,23,142.250.71.36,Chennai,Tamil Nadu,IN
0,7,10.0.16.155,Nandigāma,Andhra Pradesh,IN,google,1,4,203.129.246.53,Nandigāma,Andhra Pradesh,IN
1,7,10.0.16.155,Nandigāma,Andhra Pradesh,IN,google,2,4,203.129.218.109,Hubli,Karnataka,IN
2,7,10.0.16.155,Nandigāma,Andhra Pradesh,IN,google,3,31,61.1.117.54,Bengaluru,Karnataka,IN
3,7,10.0.16.155,Nandigāma,Andhra Pradesh,IN,google,4,24,117.216.207.115,Tanjore,Tamil Nadu,IN
4,7,10.0.16.155,Nandigāma,Andhra Pradesh,IN,google,5,22,142.250.160.26,Chennai,Tamil Nadu,IN
5,7,10.0.16.155,Nandigāma,Andhra Pradesh,IN,google,6,23,216.239.43.135,Chennai,Tamil Nadu,IN
6,7,10.0.16.155,Nandigāma,Andhra Pradesh,IN,google,7,74,142.250.233.143,Mountain View,California,US
7,7,10.0.16.155,Nandigāma,Andhra Pradesh,IN,google,8,28,142.250.71.36,Chennai,Tamil Nadu,IN
0,8,10.0.16.155,Nandigāma,Andhra Pradesh,IN,google,1,3,203.129.246.53,Nandigāma,Andhra Pradesh,IN
1,8,10.0.16.155,Nandigāma,Andhra Pradesh,IN,google,2,4,203.129.218.109,Hubli,Karnataka,IN
2,8,10.0.16.155,Nandigāma,Andhra Pradesh,IN,google,3,4,61.1.117.54,Bengaluru,Karnataka,IN
3,8,10.0.16.155,Nandigāma,Andhra Pradesh,IN,google,4,24,117.216.207.115,Tanjore,Tamil Nadu,IN
4,8,10.0.16.155,Nandigāma,Andhra Pradesh,IN,google,5,27,142.250.160.26,Chennai,Tamil Nadu,IN
5,8,10.0.16.155,Nandigāma,Andhra Pradesh,IN,google,6,22,216.239.43.135,Chennai,Tamil Nadu,IN
6,8,10.0.16.155,Nandigāma,Andhra Pradesh,IN,google,7,24,142.250.233.143,Mountain View,California,US
7,8,10.0.16.155,Nandigāma,Andhra Pradesh,IN,google,8,22,142.250.71.36,Chennai,Tamil Nadu,IN
0,9,10.0.16.155,Nandigāma,Andhra Pradesh,IN,google,1,5,203.129.246.53,Nandigāma,Andhra Pradesh,IN
1,9,10.0.16.155,Nandigāma,Andhra Pradesh,IN,google,2,6,203.129.218.109,Hubli,Karnataka,IN
2,9,10.0.16.155,Nandigāma,Andhra Pradesh,IN,google,3,5,61.1.117.54,Bengaluru,Karnataka,IN
3,9,10.0.16.155,Nandigāma,Andhra Pradesh,IN,google,4,24,117.216.207.115,Tanjore,Tamil Nadu,IN
4,9,10.0.16.155,Nandigāma,Andhra Pradesh,IN,google,5,23,142.250.160.26,Chennai,Tamil Nadu,IN
5,9,10.0.16.155,Nandigāma,Andhra Pradesh,IN,google,6,21,216.239.43.135,Chennai,Tamil Nadu,IN
6,9,10.0.16.155,Nandigāma,Andhra Pradesh,IN,google,7,24,142.250.233.143,Mountain View,California,US
7,9,10.0.16.155,Nandigāma,Andhra Pradesh,IN,google,8,23,142.250.71.36,Chennai,Tamil Nadu,IN
0,10,10.0.16.155,Nandigāma,Andhra Pradesh,IN,google,1,3,203.129.246.53,Nandigāma,Andhra Pradesh,IN
1,10,10.0.16.155,Nandigāma,Andhra Pradesh,IN,google,2,6,203.129.218.109,Hubli,Karnataka,IN
2,10,10.0.16.155,Nandigāma,Andhra Pradesh,IN,google,3,6,61.1.117.54,Bengaluru,Karnataka,IN
3,10,10.0.16.155,Nandigāma,Andhra Pradesh,IN,google,4,26,117.216.207.115,Tanjore,Tamil Nadu,IN
4,10,10.0.16.155,Nandigāma,Andhra Pradesh,IN,google,5,23,142.250.160.26,Chennai,Tamil Nadu,IN
5,10,10.0.16.155,Nandigāma,Andhra Pradesh,IN,google,6,22,216.239.43.135,Chennai,Tamil Nadu,IN
6,10,10.0.16.155,Nandigāma,Andhra Pradesh,IN,google,7,26,142.250.233.143,Mountain View,California,US
7,10,10.0.16.155,Nandigāma,Andhra Pradesh,IN,google,8,35,142.250.71.36,Chennai,Tamil Nadu,IN
0,11,10.0.16.155,Nandigāma,Andhra Pradesh,IN,google,1,4,203.129.246.53,Nandigāma,Andhra Pradesh,IN
1,11,10.0.16.155,Nandigāma,Andhra Pradesh,IN,google,2,4,203.129.218.109,Hubli,Karnataka,IN
2,11,10.0.16.155,Nandigāma,Andhra Pradesh,IN,google,3,5,61.1.117.54,Bengaluru,Karnataka,IN
3,11,10.0.16.155,Nandigāma,Andhra Pradesh,IN,google,4,32,117.216.207.115,Tanjore,Tamil Nadu,IN
4,11,10.0.16.155,Nandigāma,Andhra Pradesh,IN,google,5,23,142.250.160.26,Chennai,Tamil Nadu,IN
5,11,10.0.16.155,Nandigāma,Andhra Pradesh,IN,google,6,20,216.239.43.135,Chennai,Tamil Nadu,IN
6,11,10.0.16.155,Nandigāma,Andhra Pradesh,IN,google,7,26,142.250.233.143,Mountain View,California,US
7,11,10.0.16.155,Nandigāma,Andhra Pradesh,IN,google,8,25,142.250.71.36,Chennai,Tamil Nadu,IN
0,12,10.0.16.155,Nandigāma,Andhra Pradesh,IN,google,1,2,203.129.246.53,Nandigāma,Andhra Pradesh,IN
1,12,10.0.16.155,Nandigāma,Andhra Pradesh,IN,google,2,6,203.129.218.109,Hubli,Karnataka,IN
2,12,10.0.16.155,Nandigāma,Andhra Pradesh,IN,google,3,11,61.1.117.54,Bengaluru,Karnataka,IN
3,12,10.0.16.155,Nandigāma,Andhra Pradesh,IN,google,4,26,117.216.207.115,Tanjore,Tamil Nadu,IN
4,12,10.0.16.155,Nandigāma,Andhra Pradesh,IN,google,5,22,142.250.160.26,Chennai,Tamil Nadu,IN
5,12,10.0.16.155,Nandigāma,Andhra Pradesh,IN,google,6,32,216.239.43.135,Chennai,Tamil Nadu,IN
6,12,10.0.16.155,Nandigāma,Andhra Pradesh,IN,google,7,26,142.250.233.143,Mountain View,California,US
7,12,10.0.16.155,Nandigāma,Andhra Pradesh,IN,google,8,25,142.250.71.36,Chennai,Tamil Nadu,IN
0,13,10.0.16.155,Nandigāma,Andhra Pradesh,IN,google,1,5,203.129.246.53,Nandigāma,Andhra Pradesh,IN
1,13,10.0.16.155,Nandigāma,Andhra Pradesh,IN,google,2,13,203.129.218.109,Hubli,Karnataka,IN
2,13,10.0.16.155,Nandigāma,Andhra Pradesh,IN,google,3,7,61.1.117.54,Bengaluru,Karnataka,IN
3,13,10.0.16.155,Nandigāma,Andhra Pradesh,IN,google,4,24,117.216.207.115,Tanjore,Tamil Nadu,IN
4,13,10.0.16.155,Nandigāma,Andhra Pradesh,IN,google,5,379,142.250.160.26,Chennai,Tamil Nadu,IN
5,13,10.0.16.155,Nandigāma,Andhra Pradesh,IN,google,6,19,216.239.43.135,Chennai,Tamil Nadu,IN
6,13,10.0.16.155,Nandigāma,Andhra Pradesh,IN,google,7,27,142.250.233.143,Mountain View,California,US
7,13,10.0.16.155,Nandigāma,Andhra Pradesh,IN,google,8,22,142.250.71.36,Chennai,Tamil Nadu,IN
0,14,10.0.16.155,Nandigāma,Andhra Pradesh,IN,google,1,5,203.129.246.53,Nandigāma,Andhra Pradesh,IN
1,14,10.0.16.155,Nandigāma,Andhra Pradesh,IN,google,2,13,203.129.218.109,Hubli,Karnataka,IN
2,14,10.0.16.155,Nandigāma,Andhra Pradesh,IN,google,3,7,61.1.117.54,Bengaluru,Karnataka,IN
3,14,10.0.16.155,Nandigāma,Andhra Pradesh,IN,google,4,24,117.216.207.115,Tanjore,Tamil Nadu,IN
4,14,10.0.16.155,Nandigāma,Andhra Pradesh,IN,google,5,26,142.250.160.26,Chennai,Tamil Nadu,IN
5,14,10.0.16.155,Nandigāma,Andhra Pradesh,IN,google,6,22,216.239.43.135,Chennai,Tamil Nadu,IN
6,14,10.0.16.155,Nandigāma,Andhra Pradesh,IN,google,7,27,142.250.233.143,Mountain View,California,US
7,14,10.0.16.155,Nandigāma,Andhra Pradesh,IN,google,8,22,142.250.71.36,Chennai,Tamil Nadu,IN
0,15,10.0.16.155,Nandigāma,Andhra Pradesh,IN,google,1,5,203.129.246.53,Nandigāma,Andhra Pradesh,IN
1,15,10.0.16.155,Nandigāma,Andhra Pradesh,IN,google,2,8,203.129.218.109,Hubli,Karnataka,IN
2,15,10.0.16.155,Nandigāma,Andhra Pradesh,IN,google,3,8,61.1.117.54,Bengaluru,Karnataka,IN
3,15,10.0.16.155,Nandigāma,Andhra Pradesh,IN,google,4,28,117.216.207.115,Tanjore,Tamil Nadu,IN
4,15,10.0.16.155,Nandigāma,Andhra Pradesh,IN,google,5,23,142.250.160.26,Chennai,Tamil Nadu,IN
5,15,10.0.16.155,Nandigāma,Andhra Pradesh,IN,google,6,20,216.239.43.135,Chennai,Tamil Nadu,IN
6,15,10.0.16.155,Nandigāma,Andhra Pradesh,IN,google,7,26,142.250.233.143,Mountain View,California,US
7,15,10.0.16.155,Nandigāma,Andhra Pradesh,IN,google,8,26,142.250.71.36,Chennai,Tamil Nadu,IN
0,16,10.0.16.155,Nandigāma,Andhra Pradesh,IN,google,1,2,203.129.246.53,Nandigāma,Andhra Pradesh,IN
1,16,10.0.16.155,Nandigāma,Andhra Pradesh,IN,google,2,7,203.129.218.109,Hubli,Karnataka,IN
2,16,10.0.16.155,Nandigāma,Andhra Pradesh,IN,google,3,6,61.1.117.54,Bengaluru,Karnataka,IN
3,16,10.0.16.155,Nandigāma,Andhra Pradesh,IN,google,4,25,117.216.207.115,Tanjore,Tamil Nadu,IN
4,16,10.0.16.155,Nandigāma,Andhra Pradesh,IN,google,5,22,142.250.160.26,Chennai,Tamil Nadu,IN
5,16,10.0.16.155,Nandigāma,Andhra Pradesh,IN,google,6,23,216.239.43.135,Chennai,Tamil Nadu,IN
6,16,10.0.16.155,Nandigāma,Andhra Pradesh,IN,google,7,31,142.250.233.143,Mountain View,California,US
7,16,10.0.16.155,Nandigāma,Andhra Pradesh,IN,google,8,25,142.250.71.36,Chennai,Tamil Nadu,IN
0,17,10.0.16.155,Nandigāma,Andhra Pradesh,IN,google,1,2,203.129.246.53,Nandigāma,Andhra Pradesh,IN
1,17,10.0.16.155,Nandigāma,Andhra Pradesh,IN,google,2,7,203.129.218.109,Hubli,Karnataka,IN
2,17,10.0.16.155,Nandigāma,Andhra Pradesh,IN,google,3,6,61.1.117.54,Bengaluru,Karnataka,IN
3,17,10.0.16.155,Nandigāma,Andhra Pradesh,IN,google,4,23,117.216.207.115,Tanjore,Tamil Nadu,IN
4,17,10.0.16.155,Nandigāma,Andhra Pradesh,IN,google,5,23,142.250.160.26,Chennai,Tamil Nadu,IN
5,17,10.0.16.155,Nandigāma,Andhra Pradesh,IN,google,6,32,216.239.43.135,Chennai,Tamil Nadu,IN
6,17,10.0.16.155,Nandigāma,Andhra Pradesh,IN,google,7,25,142.250.233.143,Mountain View,California,US
7,17,10.0.16.155,Nandigāma,Andhra Pradesh,IN,google,8,25,142.250.71.36,Chennai,Tamil Nadu,IN
0,18,10.0.16.155,Nandigāma,Andhra Pradesh,IN,google,1,5,203.129.246.53,Nandigāma,Andhra Pradesh,IN
1,18,10.0.16.155,Nandigāma,Andhra Pradesh,IN,google,2,6,203.129.218.109,Hubli,Karnataka,IN
2,18,10.0.16.155,Nandigāma,Andhra Pradesh,IN,google,3,7,61.1.117.54,Bengaluru,Karnataka,IN
3,18,10.0.16.155,Nandigāma,Andhra Pradesh,IN,google,4,21,142.250.160.26,Chennai,Tamil Nadu,IN
4,18,10.0.16.155,Nandigāma,Andhra Pradesh,IN,google,5,23,216.239.43.135,Chennai,Tamil Nadu,IN
5,18,10.0.16.155,Nandigāma,Andhra Pradesh,IN,google,6,26,142.250.233.143,Mountain View,California,US
6,18,10.0.16.155,Nandigāma,Andhra Pradesh,IN,google,7,25,142.250.71.36,Chennai,Tamil Nadu,IN
0,19,10.0.16.155,Nandigāma,Andhra Pradesh,IN,google,1,2,203.129.246.53,Nandigāma,Andhra Pradesh,IN
1,19,10.0.16.155,Nandigāma,Andhra Pradesh,IN,google,2,6,203.129.218.109,Hubli,Karnataka,IN
2,19,10.0.16.155,Nandigāma,Andhra Pradesh,IN,google,3,3,61.1.117.54,Bengaluru,Karnataka,IN
3,19,10.0.16.155,Nandigāma,Andhra Pradesh,IN,google,4,23,117.216.207.115,Tanjore,Tamil Nadu,IN
4,19,10.0.16.155,Nandigāma,Andhra Pradesh,IN,google,5,24,142.250.160.26,Chennai,Tamil Nadu,IN
5,19,10.0.16.155,Nandigāma,Andhra Pradesh,IN,google,6,23,216.239.43.135,Chennai,Tamil Nadu,IN
6,19,10.0.16.155,Nandigāma,Andhra Pradesh,IN,google,7,25,142.250.233.143,Mountain View,California,US
7,19,10.0.16.155,Nandigāma,Andhra Pradesh,IN,google,8,25,142.250.71.36,Chennai,Tamil Nadu,IN
0,20,10.0.16.155,Nandigāma,Andhra Pradesh,IN,google,1,5,203.129.246.53,Nandigāma,Andhra Pradesh,IN
1,20,10.0.16.155,Nandigāma,Andhra Pradesh,IN,google,2,6,203.129.218.109,Hubli,Karnataka,IN
2,20,10.0.16.155,Nandigāma,Andhra Pradesh,IN,google,3,6,61.1.117.54,Bengaluru,Karnataka,IN
3,20,10.0.16.155,Nandigāma,Andhra Pradesh,IN,google,4,23,117.216.207.115,Tanjore,Tamil Nadu,IN
4,20,10.0.16.155,Nandigāma,Andhra Pradesh,IN,google,5,24,142.250.160.26,Chennai,Tamil Nadu,IN
5,20,10.0.16.155,Nandigāma,Andhra Pradesh,IN,google,6,20,216.239.43.135,Chennai,Tamil Nadu,IN
6,20,10.0.16.155,Nandigāma,Andhra Pradesh,IN,google,7,26,142.250.233.143,Mountain View,California,US
7,20,10.0.16.155,Nandigāma,Andhra Pradesh,IN,google,8,25,142.250.71.36,Chennai,Tamil Nadu,IN
0,21,10.0.16.155,Nandigāma,Andhra Pradesh,IN,google,1,2,203.129.246.53,Nandigāma,Andhra Pradesh,IN
1,21,10.0.16.155,Nandigāma,Andhra Pradesh,IN,google,2,3,203.129.218.109,Hubli,Karnataka,IN
2,21,10.0.16.155,Nandigāma,Andhra Pradesh,IN,google,3,17,61.1.117.54,Bengaluru,Karnataka,IN
3,21,10.0.16.155,Nandigāma,Andhra Pradesh,IN,google,4,25,117.216.207.115,Tanjore,Tamil Nadu,IN
4,21,10.0.16.155,Nandigāma,Andhra Pradesh,IN,google,5,24,142.250.160.26,Chennai,Tamil Nadu,IN
5,21,10.0.16.155,Nandigāma,Andhra Pradesh,IN,google,6,20,216.239.43.135,Chennai,Tamil Nadu,IN
6,21,10.0.16.155,Nandigāma,Andhra Pradesh,IN,google,7,28,142.250.233.143,Mountain View,California,US
7,21,10.0.16.155,Nandigāma,Andhra Pradesh,IN,google,8,26,142.250.71.36,Chennai,Tamil Nadu,IN
0,22,10.0.16.155,Nandigāma,Andhra Pradesh,IN,google,1,3,203.129.246.53,Nandigāma,Andhra Pradesh,IN
1,22,10.0.16.155,Nandigāma,Andhra Pradesh,IN,google,2,8,203.129.218.109,Hubli,Karnataka,IN
2,22,10.0.16.155,Nandigāma,Andhra Pradesh,IN,google,3,24,61.1.117.54,Bengaluru,Karnataka,IN
3,22,10.0.16.155,Nandigāma,Andhra Pradesh,IN,google,4,23,117.216.207.115,Tanjore,Tamil Nadu,IN
4,22,10.0.16.155,Nandigāma,Andhra Pradesh,IN,google,5,23,142.250.160.26,Chennai,Tamil Nadu,IN
5,22,10.0.16.155,Nandigāma,Andhra Pradesh,IN,google,6,23,216.239.43.135,Chennai,Tamil Nadu,IN
6,22,10.0.16.155,Nandigāma,Andhra Pradesh,IN,google,7,23,142.250.233.143,Mountain View,California,US
7,22,10.0.16.155,Nandigāma,Andhra Pradesh,IN,google,8,22,142.250.71.36,Chennai,Tamil Nadu,IN
0,23,10.0.16.155,Nandigāma,Andhra Pradesh,IN,google,1,5,203.129.246.53,Nandigāma,Andhra Pradesh,IN
1,23,10.0.16.155,Nandigāma,Andhra Pradesh,IN,google,2,7,203.129.218.109,Hubli,Karnataka,IN
2,23,10.0.16.155,Nandigāma,Andhra Pradesh,IN,google,3,4,61.1.117.54,Bengaluru,Karnataka,IN
3,23,10.0.16.155,Nandigāma,Andhra Pradesh,IN,google,4,23,117.216.207.115,Tanjore,Tamil Nadu,IN
4,23,10.0.16.155,Nandigāma,Andhra Pradesh,IN,google,5,28,142.250.160.26,Chennai,Tamil Nadu,IN
5,23,10.0.16.155,Nandigāma,Andhra Pradesh,IN,google,6,21,216.239.43.135,Chennai,Tamil Nadu,IN
6,23,10.0.16.155,Nandigāma,Andhra Pradesh,IN,google,7,31,142.250.233.143,Mountain View,California,US
7,23,10.0.16.155,Nandigāma,Andhra Pradesh,IN,google,8,21,142.250.71.36,Chennai,Tamil Nadu,IN
0,24,10.0.16.155,Nandigāma,Andhra Pradesh,IN,google,1,9,203.129.246.53,Nandigāma,Andhra Pradesh,IN
1,24,10.0.16.155,Nandigāma,Andhra Pradesh,IN,google,2,7,203.129.218.109,Hubli,Karnataka,IN
2,24,10.0.16.155,Nandigāma,Andhra Pradesh,IN,google,3,5,61.1.117.54,Bengaluru,Karnataka,IN
3,24,10.0.16.155,Nandigāma,Andhra Pradesh,IN,google,4,23,117.216.207.115,Tanjore,Tamil Nadu,IN
4,24,10.0.16.155,Nandigāma,Andhra Pradesh,IN,google,5,24,142.250.160.26,Chennai,Tamil Nadu,IN
5,24,10.0.16.155,Nandigāma,Andhra Pradesh,IN,google,6,23,216.239.43.135,Chennai,Tamil Nadu,IN
6,24,10.0.16.155,Nandigāma,Andhra Pradesh,IN,google,7,26,142.250.233.143,Mountain View,California,US
7,24,10.0.16.155,Nandigāma,Andhra Pradesh,IN,google,8,25,142.250.71.36,Chennai,Tamil Nadu,IN
0,25,10.0.16.155,Nandigāma,Andhra Pradesh,IN,google,1,5,203.129.246.53,Nandigāma,Andhra Pradesh,IN
1,25,10.0.16.155,Nandigāma,Andhra Pradesh,IN,google,2,6,203.129.218.109,Hubli,Karnataka,IN
2,25,10.0.16.155,Nandigāma,Andhra Pradesh,IN,google,3,3,61.1.117.54,Bengaluru,Karnataka,IN
3,25,10.0.16.155,Nandigāma,Andhra Pradesh,IN,google,4,24,117.216.207.115,Tanjore,Tamil Nadu,IN
4,25,10.0.16.155,Nandigāma,Andhra Pradesh,IN,google,5,24,142.250.160.26,Chennai,Tamil Nadu,IN
5,25,10.0.16.155,Nandigāma,Andhra Pradesh,IN,google,6,20,216.239.43.135,Chennai,Tamil Nadu,IN
6,25,10.0.16.155,Nandigāma,Andhra Pradesh,IN,google,7,26,142.250.233.143,Mountain View,California,US
7,25,10.0.16.155,Nandigāma,Andhra Pradesh,IN,google,8,26,142.250.71.36,Chennai,Tamil Nadu,IN
0,26,10.0.16.155,Nandigāma,Andhra Pradesh,IN,google,1,2,203.129.246.53,Nandigāma,Andhra Pradesh,IN
1,26,10.0.16.155,Nandigāma,Andhra Pradesh,IN,google,2,4,203.129.218.109,Hubli,Karnataka,IN
2,26,10.0.16.155,Nandigāma,Andhra Pradesh,IN,google,3,8,61.1.117.54,Bengaluru,Karnataka,IN
3,26,10.0.16.155,Nandigāma,Andhra Pradesh,IN,google,4,23,117.216.207.115,Tanjore,Tamil Nadu,IN
4,26,10.0.16.155,Nandigāma,Andhra Pradesh,IN,google,5,24,142.250.160.26,Chennai,Tamil Nadu,IN
5,26,10.0.16.155,Nandigāma,Andhra Pradesh,IN,google,6,20,216.239.43.135,Chennai,Tamil Nadu,IN
6,26,10.0.16.155,Nandigāma,Andhra Pradesh,IN,google,7,26,142.250.233.143,Mountain View,California,US
7,26,10.0.16.155,Nandigāma,Andhra Pradesh,IN,google,8,27,142.250.71.36,Chennai,Tamil Nadu,IN
0,27,10.0.16.155,Nandigāma,Andhra Pradesh,IN,google,1,12,203.129.246.53,Nandigāma,Andhra Pradesh,IN
1,27,10.0.16.155,Nandigāma,Andhra Pradesh,IN,google,2,7,203.129.218.109,Hubli,Karnataka,IN
2,27,10.0.16.155,Nandigāma,Andhra Pradesh,IN,google,3,3,61.1.117.54,Bengaluru,Karnataka,IN
3,27,10.0.16.155,Nandigāma,Andhra Pradesh,IN,google,4,23,117.216.207.115,Tanjore,Tamil Nadu,IN
4,27,10.0.16.155,Nandigāma,Andhra Pradesh,IN,google,5,25,142.250.160.26,Chennai,Tamil Nadu,IN
5,27,10.0.16.155,Nandigāma,Andhra Pradesh,IN,google,6,23,216.239.43.135,Chennai,Tamil Nadu,IN
6,27,10.0.16.155,Nandigāma,Andhra Pradesh,IN,google,7,25,142.250.233.143,Mountain View,California,US
7,27,10.0.16.155,Nandigāma,Andhra Pradesh,IN,google,8,23,142.250.71.36,Chennai,Tamil Nadu,IN
0,28,10.0.16.155,Nandigāma,Andhra Pradesh,IN,google,1,5,203.129.246.53,Nandigāma,Andhra Pradesh,IN
1,28,10.0.16.155,Nandigāma,Andhra Pradesh,IN,google,2,7,203.129.218.109,Hubli,Karnataka,IN
2,28,10.0.16.155,Nandigāma,Andhra Pradesh,IN,google,3,3,61.1.117.54,Bengaluru,Karnataka,IN
3,28,10.0.16.155,Nandigāma,Andhra Pradesh,IN,google,4,26,117.216.207.115,Tanjore,Tamil Nadu,IN
4,28,10.0.16.155,Nandigāma,Andhra Pradesh,IN,google,5,21,142.250.160.26,Chennai,Tamil Nadu,IN
5,28,10.0.16.155,Nandigāma,Andhra Pradesh,IN,google,6,23,216.239.43.135,Chennai,Tamil Nadu,IN
6,28,10.0.16.155,Nandigāma,Andhra Pradesh,IN,google,7,23,142.250.233.143,Mountain View,California,US
7,28,10.0.16.155,Nandigāma,Andhra Pradesh,IN,google,8,25,142.250.71.36,Chennai,Tamil Nadu,IN
0,29,10.0.16.155,Nandigāma,Andhra Pradesh,IN,google,1,3,203.129.246.53,Nandigāma,Andhra Pradesh,IN
1,29,10.0.16.155,Nandigāma,Andhra Pradesh,IN,google,2,4,203.129.218.109,Hubli,Karnataka,IN
2,29,10.0.16.155,Nandigāma,Andhra Pradesh,IN,google,3,7,61.1.117.54,Bengaluru,Karnataka,IN
3,29,10.0.16.155,Nandigāma,Andhra Pradesh,IN,google,4,26,117.216.207.115,Tanjore,Tamil Nadu,IN
4,29,10.0.16.155,Nandigāma,Andhra Pradesh,IN,google,5,23,142.250.160.26,Chennai,Tamil Nadu,IN
5,29,10.0.16.155,Nandigāma,Andhra Pradesh,IN,google,6,20,216.239.43.135,Chennai,Tamil Nadu,IN
6,29,10.0.16.155,Nandigāma,Andhra Pradesh,IN,google,7,23,142.250.233.143,Mountain View,California,US
7,29,10.0.16.155,Nandigāma,Andhra Pradesh,IN,google,8,26,142.250.71.36,Chennai,Tamil Nadu,IN
0,30,10.0.16.155,Nandigāma,Andhra Pradesh,IN,google,1,5,203.129.246.53,Nandigāma,Andhra Pradesh,IN
1,30,10.0.16.155,Nandigāma,Andhra Pradesh,IN,google,2,4,203.129.218.109,Hubli,Karnataka,IN
2,30,10.0.16.155,Nandigāma,Andhra Pradesh,IN,google,3,6,61.1.117.54,Bengaluru,Karnataka,IN
3,30,10.0.16.155,Nandigāma,Andhra Pradesh,IN,google,4,24,117.216.207.115,Tanjore,Tamil Nadu,IN
4,30,10.0.16.155,Nandigāma,Andhra Pradesh,IN,google,5,24,142.250.160.26,Chennai,Tamil Nadu,IN
5,30,10.0.16.155,Nandigāma,Andhra Pradesh,IN,google,6,23,216.239.43.135,Chennai,Tamil Nadu,IN
6,30,10.0.16.155,Nandigāma,Andhra Pradesh,IN,google,7,23,142.250.233.143,Mountain View,California,US
7,30,10.0.16.155,Nandigāma,Andhra Pradesh,IN,google,8,23,142.250.71.36,Chennai,Tamil Nadu,IN
0,31,10.0.16.155,Nandigāma,Andhra Pradesh,IN,google,1,5,203.129.246.53,Nandigāma,Andhra Pradesh,IN
1,31,10.0.16.155,Nandigāma,Andhra Pradesh,IN,google,2,7,203.129.218.109,Hubli,Karnataka,IN
2,31,10.0.16.155,Nandigāma,Andhra Pradesh,IN,google,3,3,61.1.117.54,Bengaluru,Karnataka,IN
3,31,10.0.16.155,Nandigāma,Andhra Pradesh,IN,google,4,23,117.216.207.115,Tanjore,Tamil Nadu,IN
4,31,10.0.16.155,Nandigāma,Andhra Pradesh,IN,google,5,24,142.250.160.26,Chennai,Tamil Nadu,IN
5,31,10.0.16.155,Nandigāma,Andhra Pradesh,IN,google,6,23,216.239.43.135,Chennai,Tamil Nadu,IN
6,31,10.0.16.155,Nandigāma,Andhra Pradesh,IN,google,7,23,142.250.233.143,Mountain View,California,US
7,31,10.0.16.155,Nandigāma,Andhra Pradesh,IN,google,8,30,142.250.71.36,Chennai,Tamil Nadu,IN
0,32,10.0.16.155,Nandigāma,Andhra Pradesh,IN,google,1,5,203.129.246.53,Nandigāma,Andhra Pradesh,IN
1,32,10.0.16.155,Nandigāma,Andhra Pradesh,IN,google,2,3,203.129.218.109,Hubli,Karnataka,IN
2,32,10.0.16.155,Nandigāma,Andhra Pradesh,IN,google,3,6,61.1.117.54,Bengaluru,Karnataka,IN
3,32,10.0.16.155,Nandigāma,Andhra Pradesh,IN,google,4,26,117.216.207.115,Tanjore,Tamil Nadu,IN
4,32,10.0.16.155,Nandigāma,Andhra Pradesh,IN,google,5,25,142.250.160.26,Chennai,Tamil Nadu,IN
5,32,10.0.16.155,Nandigāma,Andhra Pradesh,IN,google,6,23,216.239.43.135,Chennai,Tamil Nadu,IN
6,32,10.0.16.155,Nandigāma,Andhra Pradesh,IN,google,7,26,142.250.233.143,Mountain View,California,US
7,32,10.0.16.155,Nandigāma,Andhra Pradesh,IN,google,8,28,142.250.71.36,Chennai,Tamil Nadu,IN
0,33,10.0.16.155,Nandigāma,Andhra Pradesh,IN,google,1,2,203.129.246.53,Nandigāma,Andhra Pradesh,IN
1,33,10.0.16.155,Nandigāma,Andhra Pradesh,IN,google,2,6,203.129.218.109,Hubli,Karnataka,IN
2,33,10.0.16.155,Nandigāma,Andhra Pradesh,IN,google,3,10,61.1.117.54,Bengaluru,Karnataka,IN
3,33,10.0.16.155,Nandigāma,Andhra Pradesh,IN,google,4,21,142.250.160.26,Chennai,Tamil Nadu,IN
4,33,10.0.16.155,Nandigāma,Andhra Pradesh,IN,google,5,22,216.239.43.135,Chennai,Tamil Nadu,IN
5,33,10.0.16.155,Nandigāma,Andhra Pradesh,IN,google,6,29,142.250.233.143,Mountain View,California,US
6,33,10.0.16.155,Nandigāma,Andhra Pradesh,IN,google,7,26,142.250.71.36,Chennai,Tamil Nadu,IN
0,34,10.0.16.155,Nandigāma,Andhra Pradesh,IN,google,1,5,203.129.246.53,Nandigāma,Andhra Pradesh,IN
1,34,10.0.16.155,Nandigāma,Andhra Pradesh,IN,google,2,6,203.129.218.109,Hubli,Karnataka,IN
2,34,10.0.16.155,Nandigāma,Andhra Pradesh,IN,google,3,3,61.1.117.54,Bengaluru,Karnataka,IN
3,34,10.0.16.155,Nandigāma,Andhra Pradesh,IN,google,4,23,117.216.207.115,Tanjore,Tamil Nadu,IN
4,34,10.0.16.155,Nandigāma,Andhra Pradesh,IN,google,5,25,142.250.160.26,Chennai,Tamil Nadu,IN
5,34,10.0.16.155,Nandigāma,Andhra Pradesh,IN,google,6,23,216.239.43.135,Chennai,Tamil Nadu,IN
6,34,10.0.16.155,Nandigāma,Andhra Pradesh,IN,google,7,31,142.250.233.143,Mountain View,California,US
7,34,10.0.16.155,Nandigāma,Andhra Pradesh,IN,google,8,22,142.250.71.36,Chennai,Tamil Nadu,IN
0,0,10.0.16.155,Nandigāma,Andhra Pradesh,IN,twitter,1,1,203.129.246.53,Nandigāma,Andhra Pradesh,IN
1,0,10.0.16.155,Nandigāma,Andhra Pradesh,IN,twitter,2,6,203.129.218.109,Hubli,Karnataka,IN
2,0,10.0.16.155,Nandigāma,Andhra Pradesh,IN,twitter,3,15,136.232.193.165,Bengaluru,Karnataka,IN
3,0,10.0.16.155,Nandigāma,Andhra Pradesh,IN,twitter,4,20,103.198.140.170,Singapore,Singapore,SG
4,0,10.0.16.155,Nandigāma,Andhra Pradesh,IN,twitter,5,55,103.198.140.209,Singapore,Singapore,SG
5,0,10.0.16.155,Nandigāma,Andhra Pradesh,IN,twitter,6,54,103.198.140.209,Singapore,Singapore,SG
6,0,10.0.16.155,Nandigāma,Andhra Pradesh,IN,twitter,7,51,199.59.151.96,San Francisco,California,US
7,0,10.0.16.155,Nandigāma,Andhra Pradesh,IN,twitter,8,53,104.244.42.129,San Francisco,California,US
0,1,10.0.16.155,Nandigāma,Andhra Pradesh,IN,twitter,1,5,203.129.246.53,Nandigāma,Andhra Pradesh,IN
1,1,10.0.16.155,Nandigāma,Andhra Pradesh,IN,twitter,2,6,203.129.218.109,Hubli,Karnataka,IN
2,1,10.0.16.155,Nandigāma,Andhra Pradesh,IN,twitter,3,15,136.232.193.165,Bengaluru,Karnataka,IN
3,1,10.0.16.155,Nandigāma,Andhra Pradesh,IN,twitter,4,20,103.198.140.170,Singapore,Singapore,SG
4,1,10.0.16.155,Nandigāma,Andhra Pradesh,IN,twitter,5,55,103.198.140.209,Singapore,Singapore,SG
5,1,10.0.16.155,Nandigāma,Andhra Pradesh,IN,twitter,6,51,103.198.140.209,Singapore,Singapore,SG
6,1,10.0.16.155,Nandigāma,Andhra Pradesh,IN,twitter,7,52,199.59.151.96,San Francisco,California,US
7,1,10.0.16.155,Nandigāma,Andhra Pradesh,IN,twitter,8,53,104.244.42.129,San Francisco,California,US
0,2,10.0.16.155,Nandigāma,Andhra Pradesh,IN,twitter,1,2,203.129.246.53,Nandigāma,Andhra Pradesh,IN
1,2,10.0.16.155,Nandigāma,Andhra Pradesh,IN,twitter,2,7,203.129.218.109,Hubli,Karnataka,IN
2,2,10.0.16.155,Nandigāma,Andhra Pradesh,IN,twitter,3,16,136.232.193.165,Bengaluru,Karnataka,IN
3,2,10.0.16.155,Nandigāma,Andhra Pradesh,IN,twitter,4,20,103.198.140.170,Singapore,Singapore,SG
4,2,10.0.16.155,Nandigāma,Andhra Pradesh,IN,twitter,5,60,103.198.140.209,Singapore,Singapore,SG
5,2,10.0.16.155,Nandigāma,Andhra Pradesh,IN,twitter,6,54,103.198.140.209,Singapore,Singapore,SG
6,2,10.0.16.155,Nandigāma,Andhra Pradesh,IN,twitter,7,51,199.59.151.96,San Francisco,California,US
7,2,10.0.16.155,Nandigāma,Andhra Pradesh,IN,twitter,8,53,104.244.42.129,San Francisco,California,US
0,3,10.0.16.155,Nandigāma,Andhra Pradesh,IN,twitter,1,3,203.129.246.53,Nandigāma,Andhra Pradesh,IN
1,3,10.0.16.155,Nandigāma,Andhra Pradesh,IN,twitter,2,7,203.129.218.109,Hubli,Karnataka,IN
2,3,10.0.16.155,Nandigāma,Andhra Pradesh,IN,twitter,3,15,136.232.193.165,Bengaluru,Karnataka,IN
3,3,10.0.16.155,Nandigāma,Andhra Pradesh,IN,twitter,4,20,103.198.140.170,Singapore,Singapore,SG
4,3,10.0.16.155,Nandigāma,Andhra Pradesh,IN,twitter,5,52,103.198.140.209,Singapore,Singapore,SG
5,3,10.0.16.155,Nandigāma,Andhra Pradesh,IN,twitter,6,54,103.198.140.209,Singapore,Singapore,SG
6,3,10.0.16.155,Nandigāma,Andhra Pradesh,IN,twitter,7,55,199.59.151.96,San Francisco,California,US
7,3,10.0.16.155,Nandigāma,Andhra Pradesh,IN,twitter,8,53,104.244.42.129,San Francisco,California,US
0,4,10.0.16.155,Nandigāma,Andhra Pradesh,IN,twitter,1,5,203.129.246.53,Nandigāma,Andhra Pradesh,IN
1,4,10.0.16.155,Nandigāma,Andhra Pradesh,IN,twitter,2,6,203.129.218.109,Hubli,Karnataka,IN
2,4,10.0.16.155,Nandigāma,Andhra Pradesh,IN,twitter,3,12,136.232.193.165,Bengaluru,Karnataka,IN
3,4,10.0.16.155,Nandigāma,Andhra Pradesh,IN,twitter,4,20,103.198.140.170,Singapore,Singapore,SG
4,4,10.0.16.155,Nandigāma,Andhra Pradesh,IN,twitter,5,55,103.198.140.209,Singapore,Singapore,SG
5,4,10.0.16.155,Nandigāma,Andhra Pradesh,IN,twitter,6,51,103.198.140.209,Singapore,Singapore,SG
6,4,10.0.16.155,Nandigāma,Andhra Pradesh,IN,twitter,7,55,199.59.151.96,San Francisco,California,US
7,4,10.0.16.155,Nandigāma,Andhra Pradesh,IN,twitter,8,53,104.244.42.129,San Francisco,California,US
0,5,10.0.16.155,Nandigāma,Andhra Pradesh,IN,twitter,1,2,203.129.246.53,Nandigāma,Andhra Pradesh,IN
1,5,10.0.16.155,Nandigāma,Andhra Pradesh,IN,twitter,2,7,203.129.218.109,Hubli,Karnataka,IN
2,5,10.0.16.155,Nandigāma,Andhra Pradesh,IN,twitter,3,15,136.232.193.165,Bengaluru,Karnataka,IN
3,5,10.0.16.155,Nandigāma,Andhra Pradesh,IN,twitter,4,20,103.198.140.170,Singapore,Singapore,SG
4,5,10.0.16.155,Nandigāma,Andhra Pradesh,IN,twitter,5,56,103.198.140.209,Singapore,Singapore,SG
5,5,10.0.16.155,Nandigāma,Andhra Pradesh,IN,twitter,6,52,103.198.140.209,Singapore,Singapore,SG
6,5,10.0.16.155,Nandigāma,Andhra Pradesh,IN,twitter,7,51,199.59.151.96,San Francisco,California,US
7,5,10.0.16.155,Nandigāma,Andhra Pradesh,IN,twitter,8,53,104.244.42.129,San Francisco,California,US
0,6,10.0.16.155,Nandigāma,Andhra Pradesh,IN,twitter,1,5,203.129.246.53,Nandigāma,Andhra Pradesh,IN
1,6,10.0.16.155,Nandigāma,Andhra Pradesh,IN,twitter,2,7,203.129.218.109,Hubli,Karnataka,IN
2,6,10.0.16.155,Nandigāma,Andhra Pradesh,IN,twitter,3,13,136.232.193.165,Bengaluru,Karnataka,IN
3,6,10.0.16.155,Nandigāma,Andhra Pradesh,IN,twitter,4,17,103.198.140.170,Singapore,Singapore,SG
4,6,10.0.16.155,Nandigāma,Andhra Pradesh,IN,twitter,5,55,103.198.140.209,Singapore,Singapore,SG
5,6,10.0.16.155,Nandigāma,Andhra Pradesh,IN,twitter,6,55,103.198.140.209,Singapore,Singapore,SG
6,6,10.0.16.155,Nandigāma,Andhra Pradesh,IN,twitter,7,57,199.59.151.96,San Francisco,California,US
7,6,10.0.16.155,Nandigāma,Andhra Pradesh,IN,twitter,8,53,104.244.42.129,San Francisco,California,US
0,7,10.0.16.155,Nandigāma,Andhra Pradesh,IN,twitter,1,5,203.129.246.53,Nandigāma,Andhra Pradesh,IN
1,7,10.0.16.155,Nandigāma,Andhra Pradesh,IN,twitter,2,13,203.129.218.109,Hubli,Karnataka,IN
2,7,10.0.16.155,Nandigāma,Andhra Pradesh,IN,twitter,3,13,136.232.193.165,Bengaluru,Karnataka,IN
3,7,10.0.16.155,Nandigāma,Andhra Pradesh,IN,twitter,4,20,103.198.140.170,Singapore,Singapore,SG
4,7,10.0.16.155,Nandigāma,Andhra Pradesh,IN,twitter,5,54,103.198.140.209,Singapore,Singapore,SG
5,7,10.0.16.155,Nandigāma,Andhra Pradesh,IN,twitter,6,51,103.198.140.209,Singapore,Singapore,SG
6,7,10.0.16.155,Nandigāma,Andhra Pradesh,IN,twitter,7,56,199.59.151.96,San Francisco,California,US
7,7,10.0.16.155,Nandigāma,Andhra Pradesh,IN,twitter,8,57,104.244.42.129,San Francisco,California,US
0,8,10.0.16.155,Nandigāma,Andhra Pradesh,IN,twitter,1,2,203.129.246.53,Nandigāma,Andhra Pradesh,IN
1,8,10.0.16.155,Nandigāma,Andhra Pradesh,IN,twitter,2,7,203.129.218.109,Hubli,Karnataka,IN
2,8,10.0.16.155,Nandigāma,Andhra Pradesh,IN,twitter,3,17,136.232.193.165,Bengaluru,Karnataka,IN
3,8,10.0.16.155,Nandigāma,Andhra Pradesh,IN,twitter,4,21,103.198.140.170,Singapore,Singapore,SG
4,8,10.0.16.155,Nandigāma,Andhra Pradesh,IN,twitter,5,55,103.198.140.209,Singapore,Singapore,SG
5,8,10.0.16.155,Nandigāma,Andhra Pradesh,IN,twitter,6,57,103.198.140.209,Singapore,Singapore,SG
6,8,10.0.16.155,Nandigāma,Andhra Pradesh,IN,twitter,7,52,199.59.151.96,San Francisco,California,US
7,8,10.0.16.155,Nandigāma,Andhra Pradesh,IN,twitter,8,53,104.244.42.129,San Francisco,California,US
0,9,10.0.16.155,Nandigāma,Andhra Pradesh,IN,twitter,1,5,203.129.246.53,Nandigāma,Andhra Pradesh,IN
1,9,10.0.16.155,Nandigāma,Andhra Pradesh,IN,twitter,2,6,203.129.218.109,Hubli,Karnataka,IN
2,9,10.0.16.155,Nandigāma,Andhra Pradesh,IN,twitter,3,16,136.232.193.165,Bengaluru,Karnataka,IN
3,9,10.0.16.155,Nandigāma,Andhra Pradesh,IN,twitter,4,20,103.198.140.170,Singapore,Singapore,SG
4,9,10.0.16.155,Nandigāma,Andhra Pradesh,IN,twitter,5,54,103.198.140.209,Singapore,Singapore,SG
5,9,10.0.16.155,Nandigāma,Andhra Pradesh,IN,twitter,6,51,103.198.140.209,Singapore,Singapore,SG
6,9,10.0.16.155,Nandigāma,Andhra Pradesh,IN,twitter,7,59,199.59.151.96,San Francisco,California,US
7,9,10.0.16.155,Nandigāma,Andhra Pradesh,IN,twitter,8,52,104.244.42.129,San Francisco,California,US
0,10,10.0.16.155,Nandigāma,Andhra Pradesh,IN,twitter,1,6,203.129.246.53,Nandigāma,Andhra Pradesh,IN
1,10,10.0.16.155,Nandigāma,Andhra Pradesh,IN,twitter,2,7,203.129.218.109,Hubli,Karnataka,IN
2,10,10.0.16.155,Nandigāma,Andhra Pradesh,IN,twitter,3,17,136.232.193.165,Bengaluru,Karnataka,IN
3,10,10.0.16.155,Nandigāma,Andhra Pradesh,IN,twitter,4,20,103.198.140.170,Singapore,Singapore,SG
4,10,10.0.16.155,Nandigāma,Andhra Pradesh,IN,twitter,5,52,103.198.140.209,Singapore,Singapore,SG
5,10,10.0.16.155,Nandigāma,Andhra Pradesh,IN,twitter,6,98,103.198.140.209,Singapore,Singapore,SG
6,10,10.0.16.155,Nandigāma,Andhra Pradesh,IN,twitter,7,55,199.59.151.96,San Francisco,California,US
7,10,10.0.16.155,Nandigāma,Andhra Pradesh,IN,twitter,8,53,104.244.42.129,San Francisco,California,US
0,11,10.0.16.155,Nandigāma,Andhra Pradesh,IN,twitter,1,3,203.129.246.53,Nandigāma,Andhra Pradesh,IN
1,11,10.0.16.155,Nandigāma,Andhra Pradesh,IN,twitter,2,7,203.129.218.109,Hubli,Karnataka,IN
2,11,10.0.16.155,Nandigāma,Andhra Pradesh,IN,twitter,3,15,136.232.193.165,Bengaluru,Karnataka,IN
3,11,10.0.16.155,Nandigāma,Andhra Pradesh,IN,twitter,4,22,103.198.140.170,Singapore,Singapore,SG
4,11,10.0.16.155,Nandigāma,Andhra Pradesh,IN,twitter,5,54,103.198.140.209,Singapore,Singapore,SG
5,11,10.0.16.155,Nandigāma,Andhra Pradesh,IN,twitter,6,51,103.198.140.209,Singapore,Singapore,SG
6,11,10.0.16.155,Nandigāma,Andhra Pradesh,IN,twitter,7,55,199.59.151.96,San Francisco,California,US
7,11,10.0.16.155,Nandigāma,Andhra Pradesh,IN,twitter,8,53,104.244.42.129,San Francisco,California,US
0,12,10.0.16.155,Nandigāma,Andhra Pradesh,IN,twitter,1,5,203.129.246.53,Nandigāma,Andhra Pradesh,IN
1,12,10.0.16.155,Nandigāma,Andhra Pradesh,IN,twitter,2,3,203.129.218.109,Hubli,Karnataka,IN
2,12,10.0.16.155,Nandigāma,Andhra Pradesh,IN,twitter,3,14,136.232.193.165,Bengaluru,Karnataka,IN
3,12,10.0.16.155,Nandigāma,Andhra Pradesh,IN,twitter,4,17,103.198.140.170,Singapore,Singapore,SG
4,12,10.0.16.155,Nandigāma,Andhra Pradesh,IN,twitter,5,55,103.198.140.209,Singapore,Singapore,SG
5,12,10.0.16.155,Nandigāma,Andhra Pradesh,IN,twitter,6,85,103.198.140.209,Singapore,Singapore,SG
6,12,10.0.16.155,Nandigāma,Andhra Pradesh,IN,twitter,7,58,199.59.151.96,San Francisco,California,US
7,12,10.0.16.155,Nandigāma,Andhra Pradesh,IN,twitter,8,53,104.244.42.129,San Francisco,California,US
0,13,10.0.16.155,Nandigāma,Andhra Pradesh,IN,twitter,1,2,203.129.246.53,Nandigāma,Andhra Pradesh,IN
1,13,10.0.16.155,Nandigāma,Andhra Pradesh,IN,twitter,2,6,203.129.218.109,Hubli,Karnataka,IN
2,13,10.0.16.155,Nandigāma,Andhra Pradesh,IN,twitter,3,15,136.232.193.165,Bengaluru,Karnataka,IN
3,13,10.0.16.155,Nandigāma,Andhra Pradesh,IN,twitter,4,21,103.198.140.170,Singapore,Singapore,SG
4,13,10.0.16.155,Nandigāma,Andhra Pradesh,IN,twitter,5,55,103.198.140.209,Singapore,Singapore,SG
5,13,10.0.16.155,Nandigāma,Andhra Pradesh,IN,twitter,6,52,103.198.140.209,Singapore,Singapore,SG
6,13,10.0.16.155,Nandigāma,Andhra Pradesh,IN,twitter,7,52,199.59.151.96,San Francisco,California,US
7,13,10.0.16.155,Nandigāma,Andhra Pradesh,IN,twitter,8,54,104.244.42.129,San Francisco,California,US
0,14,10.0.16.155,Nandigāma,Andhra Pradesh,IN,twitter,1,2,203.129.246.53,Nandigāma,Andhra Pradesh,IN
1,14,10.0.16.155,Nandigāma,Andhra Pradesh,IN,twitter,2,7,203.129.218.109,Hubli,Karnataka,IN
2,14,10.0.16.155,Nandigāma,Andhra Pradesh,IN,twitter,3,15,136.232.193.165,Bengaluru,Karnataka,IN
3,14,10.0.16.155,Nandigāma,Andhra Pradesh,IN,twitter,4,20,103.198.140.170,Singapore,Singapore,SG
4,14,10.0.16.155,Nandigāma,Andhra Pradesh,IN,twitter,5,58,103.198.140.209,Singapore,Singapore,SG
5,14,10.0.16.155,Nandigāma,Andhra Pradesh,IN,twitter,6,52,103.198.140.209,Singapore,Singapore,SG
6,14,10.0.16.155,Nandigāma,Andhra Pradesh,IN,twitter,7,55,199.59.151.96,San Francisco,California,US
7,14,10.0.16.155,Nandigāma,Andhra Pradesh,IN,twitter,8,53,104.244.42.129,San Francisco,California,US
0,15,10.0.16.155,Nandigāma,Andhra Pradesh,IN,twitter,1,5,203.129.246.53,Nandigāma,Andhra Pradesh,IN
1,15,10.0.16.155,Nandigāma,Andhra Pradesh,IN,twitter,2,4,203.129.218.109,Hubli,Karnataka,IN
2,15,10.0.16.155,Nandigāma,Andhra Pradesh,IN,twitter,3,20,136.232.193.165,Bengaluru,Karnataka,IN
3,15,10.0.16.155,Nandigāma,Andhra Pradesh,IN,twitter,4,20,103.198.140.170,Singapore,Singapore,SG
4,15,10.0.16.155,Nandigāma,Andhra Pradesh,IN,twitter,5,54,103.198.140.209,Singapore,Singapore,SG
5,15,10.0.16.155,Nandigāma,Andhra Pradesh,IN,twitter,6,55,103.198.140.209,Singapore,Singapore,SG
6,15,10.0.16.155,Nandigāma,Andhra Pradesh,IN,twitter,7,54,199.59.151.96,San Francisco,California,US
7,15,10.0.16.155,Nandigāma,Andhra Pradesh,IN,twitter,8,53,104.244.42.129,San Francisco,California,US
0,16,10.0.16.155,Nandigāma,Andhra Pradesh,IN,twitter,1,2,203.129.246.53,Nandigāma,Andhra Pradesh,IN
1,16,10.0.16.155,Nandigāma,Andhra Pradesh,IN,twitter,2,6,203.129.218.109,Hubli,Karnataka,IN
2,16,10.0.16.155,Nandigāma,Andhra Pradesh,IN,twitter,3,15,136.232.193.165,Bengaluru,Karnataka,IN
3,16,10.0.16.155,Nandigāma,Andhra Pradesh,IN,twitter,4,26,103.198.140.170,Singapore,Singapore,SG
4,16,10.0.16.155,Nandigāma,Andhra Pradesh,IN,twitter,5,52,103.198.140.209,Singapore,Singapore,SG
5,16,10.0.16.155,Nandigāma,Andhra Pradesh,IN,twitter,6,54,103.198.140.209,Singapore,Singapore,SG
6,16,10.0.16.155,Nandigāma,Andhra Pradesh,IN,twitter,7,55,199.59.151.96,San Francisco,California,US
7,16,10.0.16.155,Nandigāma,Andhra Pradesh,IN,twitter,8,53,104.244.42.129,San Francisco,California,US
0,17,10.0.16.155,Nandigāma,Andhra Pradesh,IN,twitter,1,11,203.129.246.53,Nandigāma,Andhra Pradesh,IN
1,17,10.0.16.155,Nandigāma,Andhra Pradesh,IN,twitter,2,5,203.129.218.109,Hubli,Karnataka,IN
2,17,10.0.16.155,Nandigāma,Andhra Pradesh,IN,twitter,3,15,136.232.193.165,Bengaluru,Karnataka,IN
3,17,10.0.16.155,Nandigāma,Andhra Pradesh,IN,twitter,4,20,103.198.140.170,Singapore,Singapore,SG
4,17,10.0.16.155,Nandigāma,Andhra Pradesh,IN,twitter,5,55,103.198.140.209,Singapore,Singapore,SG
5,17,10.0.16.155,Nandigāma,Andhra Pradesh,IN,twitter,6,65,103.198.140.209,Singapore,Singapore,SG
6,17,10.0.16.155,Nandigāma,Andhra Pradesh,IN,twitter,7,55,199.59.151.96,San Francisco,California,US
7,17,10.0.16.155,Nandigāma,Andhra Pradesh,IN,twitter,8,53,104.244.42.129,San Francisco,California,US
0,18,10.0.16.155,Nandigāma,Andhra Pradesh,IN,twitter,1,5,203.129.246.53,Nandigāma,Andhra Pradesh,IN
1,18,10.0.16.155,Nandigāma,Andhra Pradesh,IN,twitter,2,7,203.129.218.109,Hubli,Karnataka,IN
2,18,10.0.16.155,Nandigāma,Andhra Pradesh,IN,twitter,3,12,136.232.193.165,Bengaluru,Karnataka,IN
3,18,10.0.16.155,Nandigāma,Andhra Pradesh,IN,twitter,4,17,103.198.140.170,Singapore,Singapore,SG
4,18,10.0.16.155,Nandigāma,Andhra Pradesh,IN,twitter,5,52,103.198.140.209,Singapore,Singapore,SG
5,18,10.0.16.155,Nandigāma,Andhra Pradesh,IN,twitter,6,54,103.198.140.209,Singapore,Singapore,SG
6,18,10.0.16.155,Nandigāma,Andhra Pradesh,IN,twitter,7,55,199.59.151.96,San Francisco,California,US
7,18,10.0.16.155,Nandigāma,Andhra Pradesh,IN,twitter,8,54,104.244.42.129,San Francisco,California,US
0,19,10.0.16.155,Nandigāma,Andhra Pradesh,IN,twitter,1,6,203.129.246.53,Nandigāma,Andhra Pradesh,IN
1,19,10.0.16.155,Nandigāma,Andhra Pradesh,IN,twitter,2,7,203.129.218.109,Hubli,Karnataka,IN
2,19,10.0.16.155,Nandigāma,Andhra Pradesh,IN,twitter,3,15,136.232.193.165,Bengaluru,Karnataka,IN
3,19,10.0.16.155,Nandigāma,Andhra Pradesh,IN,twitter,4,20,103.198.140.170,Singapore,Singapore,SG
4,19,10.0.16.155,Nandigāma,Andhra Pradesh,IN,twitter,5,60,103.198.140.209,Singapore,Singapore,SG
5,19,10.0.16.155,Nandigāma,Andhra Pradesh,IN,twitter,6,54,103.198.140.209,Singapore,Singapore,SG
6,19,10.0.16.155,Nandigāma,Andhra Pradesh,IN,twitter,7,51,199.59.151.96,San Francisco,California,US
7,19,10.0.16.155,Nandigāma,Andhra Pradesh,IN,twitter,8,52,104.244.42.129,San Francisco,California,US
0,20,10.0.16.155,Nandigāma,Andhra Pradesh,IN,twitter,1,4,203.129.246.53,Nandigāma,Andhra Pradesh,IN
1,20,10.0.16.155,Nandigāma,Andhra Pradesh,IN,twitter,2,6,203.129.218.109,Hubli,Karnataka,IN
2,20,10.0.16.155,Nandigāma,Andhra Pradesh,IN,twitter,3,12,136.232.193.165,Bengaluru,Karnataka,IN
3,20,10.0.16.155,Nandigāma,Andhra Pradesh,IN,twitter,4,17,103.198.140.170,Singapore,Singapore,SG
4,20,10.0.16.155,Nandigāma,Andhra Pradesh,IN,twitter,5,54,103.198.140.209,Singapore,Singapore,SG
5,20,10.0.16.155,Nandigāma,Andhra Pradesh,IN,twitter,6,54,103.198.140.209,Singapore,Singapore,SG
6,20,10.0.16.155,Nandigāma,Andhra Pradesh,IN,twitter,7,56,199.59.151.96,San Francisco,California,US
7,20,10.0.16.155,Nandigāma,Andhra Pradesh,IN,twitter,8,53,104.244.42.129,San Francisco,California,US
0,21,10.0.16.155,Nandigāma,Andhra Pradesh,IN,twitter,1,5,203.129.246.53,Nandigāma,Andhra Pradesh,IN
1,21,10.0.16.155,Nandigāma,Andhra Pradesh,IN,twitter,2,4,203.129.218.109,Hubli,Karnataka,IN
2,21,10.0.16.155,Nandigāma,Andhra Pradesh,IN,twitter,3,15,136.232.193.165,Bengaluru,Karnataka,IN
3,21,10.0.16.155,Nandigāma,Andhra Pradesh,IN,twitter,4,20,103.198.140.170,Singapore,Singapore,SG
4,21,10.0.16.155,Nandigāma,Andhra Pradesh,IN,twitter,5,55,103.198.140.209,Singapore,Singapore,SG
5,21,10.0.16.155,Nandigāma,Andhra Pradesh,IN,twitter,6,55,103.198.140.209,Singapore,Singapore,SG
6,21,10.0.16.155,Nandigāma,Andhra Pradesh,IN,twitter,7,54,199.59.151.96,San Francisco,California,US
7,21,10.0.16.155,Nandigāma,Andhra Pradesh,IN,twitter,8,53,104.244.42.129,San Francisco,California,US
0,22,10.0.16.155,Nandigāma,Andhra Pradesh,IN,twitter,1,6,203.129.246.53,Nandigāma,Andhra Pradesh,IN
1,22,10.0.16.155,Nandigāma,Andhra Pradesh,IN,twitter,2,7,203.129.218.109,Hubli,Karnataka,IN
2,22,10.0.16.155,Nandigāma,Andhra Pradesh,IN,twitter,3,15,136.232.193.165,Bengaluru,Karnataka,IN
3,22,10.0.16.155,Nandigāma,Andhra Pradesh,IN,twitter,4,21,103.198.140.170,Singapore,Singapore,SG
4,22,10.0.16.155,Nandigāma,Andhra Pradesh,IN,twitter,5,51,103.198.140.209,Singapore,Singapore,SG
5,22,10.0.16.155,Nandigāma,Andhra Pradesh,IN,twitter,6,54,103.198.140.209,Singapore,Singapore,SG
6,22,10.0.16.155,Nandigāma,Andhra Pradesh,IN,twitter,7,56,199.59.151.96,San Francisco,California,US
7,22,10.0.16.155,Nandigāma,Andhra Pradesh,IN,twitter,8,52,104.244.42.129,San Francisco,California,US
0,23,10.0.16.155,Nandigāma,Andhra Pradesh,IN,twitter,1,5,203.129.246.53,Nandigāma,Andhra Pradesh,IN
1,23,10.0.16.155,Nandigāma,Andhra Pradesh,IN,twitter,2,3,203.129.218.109,Hubli,Karnataka,IN
2,23,10.0.16.155,Nandigāma,Andhra Pradesh,IN,twitter,3,15,136.232.193.165,Bengaluru,Karnataka,IN
3,23,10.0.16.155,Nandigāma,Andhra Pradesh,IN,twitter,4,21,103.198.140.170,Singapore,Singapore,SG
4,23,10.0.16.155,Nandigāma,Andhra Pradesh,IN,twitter,5,54,103.198.140.209,Singapore,Singapore,SG
5,23,10.0.16.155,Nandigāma,Andhra Pradesh,IN,twitter,6,51,103.198.140.209,Singapore,Singapore,SG
6,23,10.0.16.155,Nandigāma,Andhra Pradesh,IN,twitter,7,55,199.59.151.96,San Francisco,California,US
7,23,10.0.16.155,Nandigāma,Andhra Pradesh,IN,twitter,8,53,104.244.42.129,San Francisco,California,US
0,0,10.0.16.155,Nandigāma,Andhra Pradesh,IN,amazon,1,5,203.129.246.53,Nandigāma,Andhra Pradesh,IN
1,0,10.0.16.155,Nandigāma,Andhra Pradesh,IN,amazon,2,8,203.129.218.109,Hubli,Karnataka,IN
2,0,10.0.16.155,Nandigāma,Andhra Pradesh,IN,amazon,3,7,61.1.117.54,Bengaluru,Karnataka,IN
3,0,10.0.16.155,Nandigāma,Andhra Pradesh,IN,amazon,4,23,117.216.207.115,Tanjore,Tamil Nadu,IN
4,0,10.0.16.155,Nandigāma,Andhra Pradesh,IN,amazon,5,29,99.82.177.214,Ashburn,Virginia,US
5,0,10.0.16.155,Nandigāma,Andhra Pradesh,IN,amazon,6,20,54.230.91.219,Pallāvaram,Tamil Nadu,IN
0,1,10.0.16.155,Nandigāma,Andhra Pradesh,IN,amazon,1,5,203.129.246.53,Nandigāma,Andhra Pradesh,IN
1,1,10.0.16.155,Nandigāma,Andhra Pradesh,IN,amazon,2,6,203.129.218.109,Hubli,Karnataka,IN
2,1,10.0.16.155,Nandigāma,Andhra Pradesh,IN,amazon,3,5,61.1.117.54,Bengaluru,Karnataka,IN
3,1,10.0.16.155,Nandigāma,Andhra Pradesh,IN,amazon,4,26,117.216.207.115,Tanjore,Tamil Nadu,IN
4,1,10.0.16.155,Nandigāma,Andhra Pradesh,IN,amazon,5,28,99.82.177.214,Ashburn,Virginia,US
5,1,10.0.16.155,Nandigāma,Andhra Pradesh,IN,amazon,6,20,54.230.91.219,Pallāvaram,Tamil Nadu,IN
0,2,10.0.16.155,Nandigāma,Andhra Pradesh,IN,amazon,1,3,203.129.246.53,Nandigāma,Andhra Pradesh,IN
1,2,10.0.16.155,Nandigāma,Andhra Pradesh,IN,amazon,2,63,203.129.218.109,Hubli,Karnataka,IN
2,2,10.0.16.155,Nandigāma,Andhra Pradesh,IN,amazon,3,14,136.232.193.165,Bengaluru,Karnataka,IN
3,2,10.0.16.155,Nandigāma,Andhra Pradesh,IN,amazon,4,20,103.198.140.64,Singapore,Singapore,SG
4,2,10.0.16.155,Nandigāma,Andhra Pradesh,IN,amazon,5,57,103.198.140.15,Singapore,Singapore,SG
5,2,10.0.16.155,Nandigāma,Andhra Pradesh,IN,amazon,6,54,210.57.38.112,Singapore,Singapore,SG
6,2,10.0.16.155,Nandigāma,Andhra Pradesh,IN,amazon,7,50,180.87.96.129,Singapore,Singapore,SG
7,2,10.0.16.155,Nandigāma,Andhra Pradesh,IN,amazon,8,49,120.29.214.11,Singapore,Singapore,SG
8,2,10.0.16.155,Nandigāma,Andhra Pradesh,IN,amazon,9,50,180.87.107.1,Singapore,Singapore,SG
9,2,10.0.16.155,Nandigāma,Andhra Pradesh,IN,amazon,10,49,180.87.36.40,Chennai,Tamil Nadu,IN
10,2,10.0.16.155,Nandigāma,Andhra Pradesh,IN,amazon,11,102,180.87.36.6,Chennai,Tamil Nadu,IN
11,2,10.0.16.155,Nandigāma,Andhra Pradesh,IN,amazon,12,50,180.87.37.2,Chennai,Tamil Nadu,IN
12,2,10.0.16.155,Nandigāma,Andhra Pradesh,IN,amazon,13,118,219.65.110.102,Bengaluru,Karnataka,IN
13,2,10.0.16.155,Nandigāma,Andhra Pradesh,IN,amazon,14,49,104.89.113.51,Nelamangala,Karnataka,IN
0,3,10.0.16.155,Nandigāma,Andhra Pradesh,IN,amazon,1,2,203.129.246.53,Nandigāma,Andhra Pradesh,IN
1,3,10.0.16.155,Nandigāma,Andhra Pradesh,IN,amazon,2,7,203.129.218.109,Hubli,Karnataka,IN
2,3,10.0.16.155,Nandigāma,Andhra Pradesh,IN,amazon,3,9,61.1.117.54,Bengaluru,Karnataka,IN
3,3,10.0.16.155,Nandigāma,Andhra Pradesh,IN,amazon,4,25,117.216.207.115,Tanjore,Tamil Nadu,IN
4,3,10.0.16.155,Nandigāma,Andhra Pradesh,IN,amazon,5,28,99.82.177.214,Ashburn,Virginia,US
5,3,10.0.16.155,Nandigāma,Andhra Pradesh,IN,amazon,6,20,54.230.91.219,Pallāvaram,Tamil Nadu,IN
0,4,10.0.16.155,Nandigāma,Andhra Pradesh,IN,amazon,1,2,203.129.246.53,Nandigāma,Andhra Pradesh,IN
1,4,10.0.16.155,Nandigāma,Andhra Pradesh,IN,amazon,2,8,203.129.218.109,Hubli,Karnataka,IN
2,4,10.0.16.155,Nandigāma,Andhra Pradesh,IN,amazon,3,6,61.1.117.54,Bengaluru,Karnataka,IN
3,4,10.0.16.155,Nandigāma,Andhra Pradesh,IN,amazon,4,23,117.216.207.115,Tanjore,Tamil Nadu,IN
4,4,10.0.16.155,Nandigāma,Andhra Pradesh,IN,amazon,5,27,99.82.177.214,Ashburn,Virginia,US
5,4,10.0.16.155,Nandigāma,Andhra Pradesh,IN,amazon,6,20,54.230.91.219,Pallāvaram,Tamil Nadu,IN
0,5,10.0.16.155,Nandigāma,Andhra Pradesh,IN,amazon,1,5,203.129.246.53,Nandigāma,Andhra Pradesh,IN
1,5,10.0.16.155,Nandigāma,Andhra Pradesh,IN,amazon,2,7,203.129.218.109,Hubli,Karnataka,IN
2,5,10.0.16.155,Nandigāma,Andhra Pradesh,IN,amazon,3,6,61.1.117.54,Bengaluru,Karnataka,IN
3,5,10.0.16.155,Nandigāma,Andhra Pradesh,IN,amazon,4,23,117.216.207.115,Tanjore,Tamil Nadu,IN
4,5,10.0.16.155,Nandigāma,Andhra Pradesh,IN,amazon,5,28,99.82.177.214,Ashburn,Virginia,US
5,5,10.0.16.155,Nandigāma,Andhra Pradesh,IN,amazon,6,22,54.230.91.219,Pallāvaram,Tamil Nadu,IN
0,6,10.0.16.155,Nandigāma,Andhra Pradesh,IN,amazon,1,6,203.129.246.53,Nandigāma,Andhra Pradesh,IN
1,6,10.0.16.155,Nandigāma,Andhra Pradesh,IN,amazon,2,8,203.129.218.109,Hubli,Karnataka,IN
2,6,10.0.16.155,Nandigāma,Andhra Pradesh,IN,amazon,3,3,61.1.117.54,Bengaluru,Karnataka,IN
3,6,10.0.16.155,Nandigāma,Andhra Pradesh,IN,amazon,4,25,99.82.177.214,Ashburn,Virginia,US
4,6,10.0.16.155,Nandigāma,Andhra Pradesh,IN,amazon,5,20,54.230.91.219,Pallāvaram,Tamil Nadu,IN
0,7,10.0.16.155,Nandigāma,Andhra Pradesh,IN,amazon,1,9,203.129.246.53,Nandigāma,Andhra Pradesh,IN
1,7,10.0.16.155,Nandigāma,Andhra Pradesh,IN,amazon,2,3,203.129.218.109,Hubli,Karnataka,IN
2,7,10.0.16.155,Nandigāma,Andhra Pradesh,IN,amazon,3,7,61.1.117.54,Bengaluru,Karnataka,IN
3,7,10.0.16.155,Nandigāma,Andhra Pradesh,IN,amazon,4,23,117.216.207.115,Tanjore,Tamil Nadu,IN
4,7,10.0.16.155,Nandigāma,Andhra Pradesh,IN,amazon,5,28,99.82.177.214,Ashburn,Virginia,US
5,7,10.0.16.155,Nandigāma,Andhra Pradesh,IN,amazon,6,27,54.230.91.219,Pallāvaram,Tamil Nadu,IN
0,8,10.0.16.155,Nandigāma,Andhra Pradesh,IN,amazon,1,49,203.129.246.53,Nandigāma,Andhra Pradesh,IN
1,8,10.0.16.155,Nandigāma,Andhra Pradesh,IN,amazon,2,284,203.129.218.109,Hubli,Karnataka,IN
2,8,10.0.16.155,Nandigāma,Andhra Pradesh,IN,amazon,3,154,136.232.193.165,Bengaluru,Karnataka,IN
3,8,10.0.16.155,Nandigāma,Andhra Pradesh,IN,amazon,4,20,162.219.225.118,San Francisco,California,US
0,9,10.0.16.155,Nandigāma,Andhra Pradesh,IN,amazon,1,8,203.129.246.53,Nandigāma,Andhra Pradesh,IN
1,9,10.0.16.155,Nandigāma,Andhra Pradesh,IN,amazon,2,4,203.129.218.109,Hubli,Karnataka,IN
2,9,10.0.16.155,Nandigāma,Andhra Pradesh,IN,amazon,3,15,136.232.193.165,Bengaluru,Karnataka,IN
3,9,10.0.16.155,Nandigāma,Andhra Pradesh,IN,amazon,4,20,162.219.225.118,San Francisco,California,US
0,10,10.0.16.155,Nandigāma,Andhra Pradesh,IN,amazon,1,6,203.129.246.53,Nandigāma,Andhra Pradesh,IN
1,10,10.0.16.155,Nandigāma,Andhra Pradesh,IN,amazon,2,4,203.129.218.109,Hubli,Karnataka,IN
2,10,10.0.16.155,Nandigāma,Andhra Pradesh,IN,amazon,3,12,136.232.193.165,Bengaluru,Karnataka,IN
3,10,10.0.16.155,Nandigāma,Andhra Pradesh,IN,amazon,4,19,162.219.225.118,San Francisco,California,US
0,11,10.0.16.155,Nandigāma,Andhra Pradesh,IN,amazon,1,3,203.129.246.53,Nandigāma,Andhra Pradesh,IN
1,11,10.0.16.155,Nandigāma,Andhra Pradesh,IN,amazon,2,4,203.129.218.109,Hubli,Karnataka,IN
2,11,10.0.16.155,Nandigāma,Andhra Pradesh,IN,amazon,3,15,136.232.193.165,Bengaluru,Karnataka,IN
3,11,10.0.16.155,Nandigāma,Andhra Pradesh,IN,amazon,4,20,162.219.225.118,San Francisco,California,US
0,12,10.0.16.155,Nandigāma,Andhra Pradesh,IN,amazon,1,3,203.129.246.53,Nandigāma,Andhra Pradesh,IN
1,12,10.0.16.155,Nandigāma,Andhra Pradesh,IN,amazon,2,8,203.129.218.109,Hubli,Karnataka,IN
2,12,10.0.16.155,Nandigāma,Andhra Pradesh,IN,amazon,3,17,61.1.117.54,Bengaluru,Karnataka,IN
3,12,10.0.16.155,Nandigāma,Andhra Pradesh,IN,amazon,4,27,117.216.207.115,Tanjore,Tamil Nadu,IN
4,12,10.0.16.155,Nandigāma,Andhra Pradesh,IN,amazon,5,27,99.82.177.214,Ashburn,Virginia,US
5,12,10.0.16.155,Nandigāma,Andhra Pradesh,IN,amazon,6,20,54.230.91.219,Pallāvaram,Tamil Nadu,IN
0,13,10.0.16.155,Nandigāma,Andhra Pradesh,IN,amazon,1,2,203.129.246.53,Nandigāma,Andhra Pradesh,IN
1,13,10.0.16.155,Nandigāma,Andhra Pradesh,IN,amazon,2,8,203.129.218.109,Hubli,Karnataka,IN
2,13,10.0.16.155,Nandigāma,Andhra Pradesh,IN,amazon,3,21,136.232.193.165,Bengaluru,Karnataka,IN
3,13,10.0.16.155,Nandigāma,Andhra Pradesh,IN,amazon,4,20,162.219.225.118,San Francisco,California,US
0,14,10.0.16.155,Nandigāma,Andhra Pradesh,IN,amazon,1,9,203.129.246.53,Nandigāma,Andhra Pradesh,IN
1,14,10.0.16.155,Nandigāma,Andhra Pradesh,IN,amazon,2,6,203.129.218.109,Hubli,Karnataka,IN
2,14,10.0.16.155,Nandigāma,Andhra Pradesh,IN,amazon,3,68,136.232.193.165,Bengaluru,Karnataka,IN
3,14,10.0.16.155,Nandigāma,Andhra Pradesh,IN,amazon,4,19,162.219.225.118,San Francisco,California,US
0,15,10.0.16.155,Nandigāma,Andhra Pradesh,IN,amazon,1,2,203.129.246.53,Nandigāma,Andhra Pradesh,IN
1,15,10.0.16.155,Nandigāma,Andhra Pradesh,IN,amazon,2,7,203.129.218.109,Hubli,Karnataka,IN
2,15,10.0.16.155,Nandigāma,Andhra Pradesh,IN,amazon,3,13,136.232.193.165,Bengaluru,Karnataka,IN
3,15,10.0.16.155,Nandigāma,Andhra Pradesh,IN,amazon,4,21,103.198.140.64,Singapore,Singapore,SG
4,15,10.0.16.155,Nandigāma,Andhra Pradesh,IN,amazon,5,57,103.198.140.15,Singapore,Singapore,SG
5,15,10.0.16.155,Nandigāma,Andhra Pradesh,IN,amazon,6,69,210.57.38.112,Singapore,Singapore,SG
6,15,10.0.16.155,Nandigāma,Andhra Pradesh,IN,amazon,7,57,180.87.96.129,Singapore,Singapore,SG
7,15,10.0.16.155,Nandigāma,Andhra Pradesh,IN,amazon,8,51,120.29.214.11,Singapore,Singapore,SG
8,15,10.0.16.155,Nandigāma,Andhra Pradesh,IN,amazon,9,50,180.87.107.1,Singapore,Singapore,SG
9,15,10.0.16.155,Nandigāma,Andhra Pradesh,IN,amazon,10,50,180.87.36.40,Chennai,Tamil Nadu,IN
10,15,10.0.16.155,Nandigāma,Andhra Pradesh,IN,amazon,11,50,180.87.36.6,Chennai,Tamil Nadu,IN
11,15,10.0.16.155,Nandigāma,Andhra Pradesh,IN,amazon,12,55,180.87.37.2,Chennai,Tamil Nadu,IN
12,15,10.0.16.155,Nandigāma,Andhra Pradesh,IN,amazon,13,155,219.65.110.102,Bengaluru,Karnataka,IN
13,15,10.0.16.155,Nandigāma,Andhra Pradesh,IN,amazon,14,50,104.89.113.51,Nelamangala,Karnataka,IN
0,16,10.0.16.155,Nandigāma,Andhra Pradesh,IN,amazon,1,10,203.129.246.53,Nandigāma,Andhra Pradesh,IN
1,16,10.0.16.155,Nandigāma,Andhra Pradesh,IN,amazon,2,4,203.129.218.109,Hubli,Karnataka,IN
2,16,10.0.16.155,Nandigāma,Andhra Pradesh,IN,amazon,3,15,61.1.117.54,Bengaluru,Karnataka,IN
3,16,10.0.16.155,Nandigāma,Andhra Pradesh,IN,amazon,4,27,117.216.207.115,Tanjore,Tamil Nadu,IN
4,16,10.0.16.155,Nandigāma,Andhra Pradesh,IN,amazon,5,28,99.82.177.214,Ashburn,Virginia,US
5,16,10.0.16.155,Nandigāma,Andhra Pradesh,IN,amazon,6,20,54.230.91.219,Pallāvaram,Tamil Nadu,IN
0,17,10.0.16.155,Nandigāma,Andhra Pradesh,IN,amazon,1,5,203.129.246.53,Nandigāma,Andhra Pradesh,IN
1,17,10.0.16.155,Nandigāma,Andhra Pradesh,IN,amazon,2,7,203.129.218.109,Hubli,Karnataka,IN
2,17,10.0.16.155,Nandigāma,Andhra Pradesh,IN,amazon,3,4,61.1.117.54,Bengaluru,Karnataka,IN
3,17,10.0.16.155,Nandigāma,Andhra Pradesh,IN,amazon,4,26,117.216.207.115,Tanjore,Tamil Nadu,IN
4,17,10.0.16.155,Nandigāma,Andhra Pradesh,IN,amazon,5,28,99.82.177.214,Ashburn,Virginia,US
5,17,10.0.16.155,Nandigāma,Andhra Pradesh,IN,amazon,6,20,54.230.91.219,Pallāvaram,Tamil Nadu,IN
0,18,10.0.16.155,Nandigāma,Andhra Pradesh,IN,amazon,1,7,203.129.246.53,Nandigāma,Andhra Pradesh,IN
1,18,10.0.16.155,Nandigāma,Andhra Pradesh,IN,amazon,2,4,203.129.218.109,Hubli,Karnataka,IN
2,18,10.0.16.155,Nandigāma,Andhra Pradesh,IN,amazon,3,17,136.232.193.165,Bengaluru,Karnataka,IN
3,18,10.0.16.155,Nandigāma,Andhra Pradesh,IN,amazon,4,19,162.219.225.118,San Francisco,California,US
0,19,10.0.16.155,Nandigāma,Andhra Pradesh,IN,amazon,1,3,203.129.246.53,Nandigāma,Andhra Pradesh,IN
1,19,10.0.16.155,Nandigāma,Andhra Pradesh,IN,amazon,2,7,203.129.218.109,Hubli,Karnataka,IN
2,19,10.0.16.155,Nandigāma,Andhra Pradesh,IN,amazon,3,13,136.232.193.165,Bengaluru,Karnataka,IN
3,19,10.0.16.155,Nandigāma,Andhra Pradesh,IN,amazon,4,19,162.219.225.118,San Francisco,California,US
0,20,10.0.16.155,Nandigāma,Andhra Pradesh,IN,amazon,1,2,203.129.246.53,Nandigāma,Andhra Pradesh,IN
1,20,10.0.16.155,Nandigāma,Andhra Pradesh,IN,amazon,2,5,203.129.218.109,Hubli,Karnataka,IN
2,20,10.0.16.155,Nandigāma,Andhra Pradesh,IN,amazon,3,16,136.232.193.165,Bengaluru,Karnataka,IN
3,20,10.0.16.155,Nandigāma,Andhra Pradesh,IN,amazon,4,19,162.219.225.118,San Francisco,California,US
0,21,10.0.16.155,Nandigāma,Andhra Pradesh,IN,amazon,1,2,203.129.246.53,Nandigāma,Andhra Pradesh,IN
1,21,10.0.16.155,Nandigāma,Andhra Pradesh,IN,amazon,2,6,203.129.218.109,Hubli,Karnataka,IN
2,21,10.0.16.155,Nandigāma,Andhra Pradesh,IN,amazon,3,16,136.232.193.165,Bengaluru,Karnataka,IN
3,21,10.0.16.155,Nandigāma,Andhra Pradesh,IN,amazon,4,19,162.219.225.118,San Francisco,California,US
0,22,10.0.16.155,Nandigāma,Andhra Pradesh,IN,amazon,1,6,203.129.246.53,Nandigāma,Andhra Pradesh,IN
1,22,10.0.16.155,Nandigāma,Andhra Pradesh,IN,amazon,2,3,203.129.218.109,Hubli,Karnataka,IN
2,22,10.0.16.155,Nandigāma,Andhra Pradesh,IN,amazon,3,17,136.232.193.165,Bengaluru,Karnataka,IN
3,22,10.0.16.155,Nandigāma,Andhra Pradesh,IN,amazon,4,20,103.198.140.64,Singapore,Singapore,SG
4,22,10.0.16.155,Nandigāma,Andhra Pradesh,IN,amazon,5,57,103.198.140.15,Singapore,Singapore,SG
5,22,10.0.16.155,Nandigāma,Andhra Pradesh,IN,amazon,6,55,210.57.38.112,Singapore,Singapore,SG
6,22,10.0.16.155,Nandigāma,Andhra Pradesh,IN,amazon,7,51,180.87.96.129,Singapore,Singapore,SG
7,22,10.0.16.155,Nandigāma,Andhra Pradesh,IN,amazon,8,57,120.29.214.11,Singapore,Singapore,SG
8,22,10.0.16.155,Nandigāma,Andhra Pradesh,IN,amazon,9,57,180.87.36.40,Chennai,Tamil Nadu,IN
9,22,10.0.16.155,Nandigāma,Andhra Pradesh,IN,amazon,10,51,180.87.36.6,Chennai,Tamil Nadu,IN
10,22,10.0.16.155,Nandigāma,Andhra Pradesh,IN,amazon,11,50,180.87.37.2,Chennai,Tamil Nadu,IN
11,22,10.0.16.155,Nandigāma,Andhra Pradesh,IN,amazon,12,66,219.65.110.102,Bengaluru,Karnataka,IN
12,22,10.0.16.155,Nandigāma,Andhra Pradesh,IN,amazon,13,51,104.89.113.51,Nelamangala,Karnataka,IN
0,23,10.0.16.155,Nandigāma,Andhra Pradesh,IN,amazon,1,5,203.129.246.53,Nandigāma,Andhra Pradesh,IN
1,23,10.0.16.155,Nandigāma,Andhra Pradesh,IN,amazon,2,11,203.129.218.109,Hubli,Karnataka,IN
2,23,10.0.16.155,Nandigāma,Andhra Pradesh,IN,amazon,3,14,136.232.193.165,Bengaluru,Karnataka,IN
3,23,10.0.16.155,Nandigāma,Andhra Pradesh,IN,amazon,4,21,103.198.140.64,Singapore,Singapore,SG
4,23,10.0.16.155,Nandigāma,Andhra Pradesh,IN,amazon,5,57,103.198.140.15,Singapore,Singapore,SG
5,23,10.0.16.155,Nandigāma,Andhra Pradesh,IN,amazon,6,51,210.57.38.112,Singapore,Singapore,SG
6,23,10.0.16.155,Nandigāma,Andhra Pradesh,IN,amazon,7,50,180.87.96.129,Singapore,Singapore,SG
7,23,10.0.16.155,Nandigāma,Andhra Pradesh,IN,amazon,8,50,120.29.214.11,Singapore,Singapore,SG
8,23,10.0.16.155,Nandigāma,Andhra Pradesh,IN,amazon,9,50,180.87.36.40,Chennai,Tamil Nadu,IN
9,23,10.0.16.155,Nandigāma,Andhra Pradesh,IN,amazon,10,51,180.87.36.6,Chennai,Tamil Nadu,IN
10,23,10.0.16.155,Nandigāma,Andhra Pradesh,IN,amazon,11,50,180.87.37.2,Chennai,Tamil Nadu,IN
11,23,10.0.16.155,Nandigāma,Andhra Pradesh,IN,amazon,12,51,104.89.113.51,Nelamangala,Karnataka,IN
0,24,10.0.3.194,Nandigāma,Andhra Pradesh,IN,amazon,1,1,203.129.246.49,Nandigāma,Andhra Pradesh,IN
1,24,10.0.3.194,Nandigāma,Andhra Pradesh,IN,amazon,2,3,203.129.218.109,Hubli,Karnataka,IN
2,24,10.0.3.194,Nandigāma,Andhra Pradesh,IN,amazon,3,9,136.232.193.165,Anekal,Karnataka,IN
3,24,10.0.3.194,Nandigāma,Andhra Pradesh,IN,amazon,4,11,49.44.113.1,Chennai,Tamil Nadu,IN
4,24,10.0.3.194,Nandigāma,Andhra Pradesh,IN,amazon,5,14,49.44.145.69,Airoli,Maharashtra,IN
0,25,10.0.3.194,Nandigāma,Andhra Pradesh,IN,amazon,1,2,203.129.246.49,Nandigāma,Andhra Pradesh,IN
1,25,10.0.3.194,Nandigāma,Andhra Pradesh,IN,amazon,2,6,203.129.218.109,Hubli,Karnataka,IN
2,25,10.0.3.194,Nandigāma,Andhra Pradesh,IN,amazon,3,13,136.232.193.165,Anekal,Karnataka,IN
3,25,10.0.3.194,Nandigāma,Andhra Pradesh,IN,amazon,4,20,99.83.67.48,Amsterdam,North Holland,NL
4,25,10.0.3.194,Nandigāma,Andhra Pradesh,IN,amazon,5,18,54.230.91.219,Pallāvaram,Tamil Nadu,IN
